customer_id,customer_name,customer_email,customer_lifetime_value,customer_reliability
CUST00001,Aryan Maharaj,udantdewan@example.net,17380.32,0.8249535233368901
CUST00002,Gagan Sami,balangirik@example.org,115489.32,0.6682626068987213
CUST00003,Yashasvi Bala,onikannan@example.com,339966.25,0.8666826220905253
CUST00004,Abeer Dutta,roak@example.org,48034.72,0.9336372141130835
CUST00005,Gayathri Chaudry,raigunbir@example.com,19749.62,0.7314263824646663
CUST00006,Aishani Bassi,hyadav@example.com,255150.87,0.6440143291655495
CUST00007,Chaaya Pathak,ekarajbath@example.net,103424.64,0.5614104669640614
CUST00008,Bimala Buch,harrisonrai@example.com,274746.03,0.829450308245195
CUST00009,Janya Gaba,isha34@example.net,296686.51,0.6447894674774997
CUST00010,Onveer Walla,nihalshere@example.com,8216.89,0.8980550963714655
CUST00011,Theodore Nair,karnikazad@example.com,350579.0,0.8965022782881074
CUST00012,Amrita Bhatti,divyakala@example.net,81962.35,0.6963077221027365
CUST00013,Meghana Shanker,alkadewan@example.org,171614.3,0.9616016210489159
CUST00014,Priya Rastogi,theodore28@example.com,52874.61,0.5898807126534636
CUST00015,Champak Choudhary,nathanielsami@example.net,303844.39,0.9144225775294077
CUST00016,Lekha Raj,qwadhwa@example.net,366217.23,0.8970651575079835
CUST00017,Ishwar Yadav,harini14@example.com,486692.3,0.7805780793255214
CUST00018,Sudiksha Aggarwal,xiti28@example.org,278260.11,0.712769782199592
CUST00019,Yashica Issac,kashviedwin@example.net,311167.28,0.9066440056287878
CUST00020,Ekiya Suresh,choudhuryjanani@example.com,290789.31,0.9205339671336342
CUST00021,Dalbir Khosla,chadavedika@example.org,27683.07,0.852965889572417
CUST00022,Kabir Soman,alkawable@example.net,148247.04,0.6479962585301652
CUST00023,Siddharth Zacharia,devikarastogi@example.net,120231.49,0.5843105500771598
CUST00024,Raksha Varughese,pdara@example.org,142596.93,0.5934306146461835
CUST00025,Hamsini Bail,thomasamble@example.org,185591.93,0.8233443110336921
CUST00026,Veer Bir,narayananekavir@example.net,108705.98,0.7091778158602595
CUST00027,Arya Sunder,kevinsolanki@example.org,468644.02,0.6648004634811188
CUST00028,Niharika Gupta,chatterjeeraagini@example.com,306519.85,0.8286552156560352
CUST00029,Nirja Sibal,chaudharidarsh@example.com,365917.76,0.6235896187251817
CUST00030,Ikbal Kothari,ranveeryadav@example.com,192830.44,0.6202630723176292
CUST00031,Pahal Goswami,turvi31@example.com,321799.88,0.9754950407737359
CUST00032,Chandresh Zachariah,chanderwarjas@example.org,343884.05,0.7894883898230979
CUST00033,Vedika Srivastava,nandinibhargava@example.org,389119.96,0.9124263256816181
CUST00034,Aarnav Ramakrishnan,suhani46@example.net,20889.62,0.6484906709445649
CUST00035,Mohammed Gupta,teerth09@example.net,137531.73,0.6856448106654053
CUST00036,Dipta Bhandari,soodyadavi@example.net,471740.31,0.6407226227421204
CUST00037,Dakshesh Trivedi,grewalekapad@example.net,160765.55,0.9268380793832476
CUST00038,Wahab Raval,koshybalveer@example.net,200837.79,0.8318386260767985
CUST00039,Oni Virk,advika35@example.org,232131.67,0.9432554635884337
CUST00040,Meghana Deep,tanvi51@example.org,127080.62,0.6638984715941626
CUST00041,Harish Borah,yashawinilanka@example.org,135057.1,0.7913882976901548
CUST00042,Ekapad Konda,bhavani27@example.net,449422.33,0.8013719757961224
CUST00043,Abhiram Mistry,desaiaishani@example.org,113563.78,0.7217422172103709
CUST00044,Nachiket Magar,shivansh53@example.net,257215.52,0.9789411707928974
CUST00045,Yashasvi Suresh,charan16@example.com,28322.61,0.5890910472347314
CUST00046,Aarush Nath,adwetaedwin@example.net,315585.79,0.5971491260507835
CUST00047,Prisha Andra,borramanthan@example.net,213969.18,0.8905941266760746
CUST00048,Kala Divan,cdatta@example.com,193901.55,0.5773169136453417
CUST00049,Balveer Parmar,zaidchauhan@example.com,266911.6,0.9783321935032416
CUST00050,Mohammed Khalsa,petersachar@example.org,431085.95,0.9675637023738558
CUST00051,Gaurangi Sabharwal,amaradutta@example.net,361757.3,0.5549368394354125
CUST00052,Lavanya Barad,mkapadia@example.com,270800.31,0.8431354586814271
CUST00053,Dalaja Kari,arjunhans@example.com,322276.09,0.6647348316795935
CUST00054,Arya Boase,indali86@example.net,220208.8,0.5979674346462269
CUST00055,Ayaan D’Alia,pranav94@example.org,477138.88,0.7451011937215588
CUST00056,Radha Pai,rajata98@example.org,135377.58,0.9266167643626234
CUST00057,Ranveer Kumar,sarinaarav@example.net,93432.68,0.7652520286116283
CUST00058,Januja Sankar,narayanandipta@example.net,435906.69,0.9424299709182729
CUST00059,Charita Tripathi,nilima56@example.net,321280.0,0.6783312603229121
CUST00060,Joshua Handa,rraghavan@example.net,80655.44,0.8118571909184141
CUST00061,Charvi Ravi,modibhavini@example.org,271992.62,0.8778796440323151
CUST00062,Ekanta Shroff,rsathe@example.org,267525.07,0.8848093858111401
CUST00063,Omkaar Chad,yutika95@example.org,165457.25,0.5502459153350158
CUST00064,Dayita Kar,mananbakshi@example.org,464903.82,0.5583749992259079
CUST00065,Vaishnavi Bora,osachdeva@example.net,416674.44,0.9278504074639692
CUST00066,Leena Talwar,jkohli@example.net,33672.96,0.6822310739231444
CUST00067,Hredhaan Sandal,patrickvasa@example.com,473739.98,0.9275441276577374
CUST00068,Zaid Dara,zdeol@example.com,245565.28,0.5868309843891879
CUST00069,Saanvi Thaman,ksehgal@example.net,381498.07,0.579761382941405
CUST00070,Shivani Lad,aradhanaverma@example.com,68553.77,0.8793088046020048
CUST00071,Anvi Sarraf,mangalwahab@example.com,277152.78,0.7543714225824545
CUST00072,Ekaja Zachariah,devimatthew@example.org,436854.36,0.6639743504442255
CUST00073,Michael Kala,sachdevanikita@example.com,109840.11,0.7319493142863813
CUST00074,Ojasvi Bhatia,osharamachandran@example.net,366315.88,0.781897318175167
CUST00075,Lajita Sood,pandeychanchal@example.com,159299.56,0.6364949572575693
CUST00076,Thomas Sura,anjalisarin@example.com,326689.64,0.9779142233641847
CUST00077,Lopa Nayar,dgandhi@example.org,261200.04,0.7383830360832367
CUST00078,Meera Bala,sanghakrishna@example.com,116225.18,0.6020318042233543
CUST00079,Chandresh Lad,nnarang@example.com,296212.82,0.6953767917234058
CUST00080,Geetika Raghavan,oviya41@example.com,114007.61,0.6489493350165282
CUST00081,Charles Palla,ekapadbaria@example.org,317395.96,0.580527026983884
CUST00082,Ryan Bahri,williamdate@example.com,453182.91,0.6484449670387964
CUST00083,Tejas Shroff,jyoti29@example.net,40074.39,0.919643222109111
CUST00084,Nihal Mukhopadhyay,baldevika@example.net,336144.0,0.652341992778668
CUST00085,Mekhala Issac,kibeharsh@example.net,70494.37,0.6421218271692887
CUST00086,Jai Barman,priya51@example.net,287666.33,0.9522711234496886
CUST00087,Advik Salvi,bcherian@example.com,393386.62,0.7532485413140715
CUST00088,Michael Saran,anamikayohannan@example.com,99252.91,0.8972237090396566
CUST00089,Rajata Loyal,yatan14@example.com,218370.34,0.5916802501183941
CUST00090,Ucchal Raghavan,ayush75@example.org,236177.21,0.732138807898566
CUST00091,Simon Pant,harini49@example.net,338315.45,0.8635026152677358
CUST00092,Advaith Varughese,frederickkhurana@example.net,53716.85,0.9731910408873654
CUST00093,Vrinda Khosla,cswaminathan@example.org,172954.79,0.7231271513039756
CUST00094,Chaitaly Kant,tkohli@example.net,128084.89,0.9205191906317001
CUST00095,Urvashi Wali,pavani85@example.com,227063.71,0.631789830629549
CUST00096,Anika Mohan,vihaan13@example.com,142879.85,0.7314091051287939
CUST00097,Qasim Handa,vedamalhotra@example.net,462016.47,0.6574167725893032
CUST00098,Harish Hari,utkarsh52@example.com,431367.81,0.7405462203729865
CUST00099,Jonathan Mahal,bhagatbrinda@example.net,30041.22,0.7866398843534347
CUST00100,Vritti Chauhan,maneupasna@example.com,418833.65,0.9796914614174724
CUST00101,Harini Gour,krishnanvanya@example.org,463551.66,0.966668390632443
CUST00102,Nandini Swamy,beramax@example.org,87324.0,0.9149391657981514
CUST00103,Frederick Kothari,sahaupkaar@example.net,110804.91,0.758825683943809
CUST00104,Shravya Savant,pushti49@example.net,34024.52,0.7224473257962647
CUST00105,Hardik Johal,aishanibumb@example.org,492727.88,0.712958441160074
CUST00106,Oscar Borde,aarnavrege@example.com,393114.95,0.6640373150140254
CUST00107,Bishakha Bali,bhavyamandal@example.net,214388.71,0.7456535979558316
CUST00108,Ekavir Kaur,rudra61@example.net,497734.23,0.9616465855696594
CUST00109,Manthan Lata,ekbalbhasin@example.org,360612.1,0.7889803790644159
CUST00110,Bhavya Sarna,sidhudaksha@example.net,151870.37,0.6165626348678476
CUST00111,Anita Tella,fsarma@example.net,291694.24,0.9665450269367383
CUST00112,Rachana Naidu,atharv13@example.net,375247.9,0.783143936590938
CUST00113,Amruta Baria,upmavenkataraman@example.net,294167.91,0.5745810673502177
CUST00114,Arunima Golla,fswamy@example.com,427096.35,0.7662256646553909
CUST00115,Nilima Nath,henry25@example.com,480585.56,0.6176960730139778
CUST00116,Bhavya Rattan,shagaurang@example.com,96983.36,0.5844479300534524
CUST00117,Ekiya D’Alia,avarkey@example.net,339230.21,0.8058650957735118
CUST00118,Odika Bhagat,zarnapathak@example.net,64343.87,0.6511376748504004
CUST00119,Riya Behl,amaradeep@example.com,126876.6,0.9328235450756581
CUST00120,Vedhika Dara,khatrinathan@example.com,311593.85,0.8056432360193797
CUST00121,Nikita Chander,ishaanshenoy@example.org,293917.78,0.7302667135944252
CUST00122,Wishi Manne,ojasvi77@example.org,467679.6,0.7747965676787423
CUST00123,Maanav Rajagopal,yashodadeshpande@example.org,359514.94,0.6378314557521207
CUST00124,Oeshi Oak,aarnav44@example.net,200913.99,0.6526349596248138
CUST00125,Manthan Sekhon,vpai@example.net,153498.55,0.8388267958727876
CUST00126,Tamanna Nagy,williamrajagopal@example.org,377172.92,0.6859561943968973
CUST00127,Caleb Nadkarni,yraj@example.net,231851.33,0.5811935392320576
CUST00128,Warhi Bansal,yadavinarula@example.org,498067.74,0.9793354095674103
CUST00129,Harish Vora,uaurora@example.org,110511.38,0.5815021100728422
CUST00130,Mohammed Borde,vlanka@example.net,466963.39,0.6640361783426726
CUST00131,Faris Narasimhan,onadig@example.net,440238.77,0.928771594685169
CUST00132,Balendra Biswas,bhavnakaran@example.net,83084.68,0.7088966481577201
CUST00133,Radha Chaudhari,sawhneyojas@example.net,353252.26,0.908510330495117
CUST00134,Ayush Batra,daksh45@example.com,493680.37,0.8130214392621585
CUST00135,Madhav Konda,kgole@example.org,8872.44,0.831209816615615
CUST00136,Lavanya Khosla,odhar@example.com,153192.48,0.9013547780996485
CUST00137,Tripti Kumer,shroffbhavna@example.net,469770.35,0.8352571474354132
CUST00138,Ethan Sathe,chandani64@example.com,62137.19,0.6077451791891482
CUST00139,Rushil Rajagopalan,pchhabra@example.com,278845.7,0.5960254704150496
CUST00140,Chakrika Merchant,randhawaanvi@example.org,304390.76,0.6671097312953711
CUST00141,Watika Mangat,indirakanda@example.net,105780.67,0.8585732404696831
CUST00142,Zashil Devan,baraldayamai@example.com,135672.03,0.8227223223205843
CUST00143,Janya Deep,merchanteta@example.net,453141.56,0.7600686964242319
CUST00144,Parth Iyer,jasmitwali@example.net,50687.74,0.9138245967167878
CUST00145,Nitesh Kurian,vmerchant@example.com,141956.71,0.7321375822024023
CUST00146,Upadhriti Borra,upkaarranganathan@example.net,386704.02,0.5515246463077464
CUST00147,Gautam Rana,lallajatin@example.com,134667.85,0.8239587522395933
CUST00148,Adweta Raj,hritik37@example.org,278081.81,0.8687292905896102
CUST00149,Timothy Bhatnagar,pmittal@example.com,9786.5,0.7339053751616922
CUST00150,Logan Bath,modiwaida@example.org,442137.66,0.5823548598317199
CUST00151,Wahab Yogi,lipikasetty@example.com,275067.19,0.9386892857707541
CUST00152,Mohammed Sachdeva,surinikita@example.com,293342.24,0.9088758585509872
CUST00153,Kamala Kalla,psaxena@example.com,68085.53,0.6136803277940176
CUST00154,Jhalak Parmer,raoanya@example.org,449995.84,0.6825510904699575
CUST00155,Suhani Chand,anshbedi@example.com,431047.78,0.8923325911018579
CUST00156,Jeremiah Jha,johaltarak@example.org,108987.89,0.936537593706384
CUST00157,Manbir Agate,maanav28@example.com,55882.84,0.6572977878658576
CUST00158,Imaran Bal,alexanderparmar@example.org,442646.68,0.8854499840047203
CUST00159,Amol Ghosh,charles26@example.net,312227.45,0.7247422776278103
CUST00160,Devansh Soni,gpathak@example.net,465291.1,0.616457935482848
CUST00161,Siya Thakur,calebverma@example.com,488221.99,0.9217804493745845
CUST00162,Azaan Bhat,bratti@example.net,441301.02,0.8986318395743706
CUST00163,Vritti Sawhney,buchekanta@example.net,369599.41,0.5606581356162212
CUST00164,Dominic Date,ekta69@example.net,465753.86,0.6928397512169644
CUST00165,Sudiksha Tiwari,ychaudhary@example.net,432711.69,0.8949611097429697
CUST00166,Tanveer Sani,akari@example.com,137068.83,0.8986222061269873
CUST00167,Mohini Sagar,munshiprisha@example.com,58507.34,0.8885710389282526
CUST00168,Kavya Dua,fbhavsar@example.org,430003.66,0.9250317166496186
CUST00169,Rachana Char,kalpit80@example.net,409210.37,0.6456464985446357
CUST00170,Jason Roy,pallavi04@example.net,156069.48,0.7479303909119451
CUST00171,Indira Chawla,mohammedsubramaniam@example.org,117659.77,0.8919985646357306
CUST00172,Inaya Pillai,mallickupkaar@example.com,100599.25,0.5601757069216242
CUST00173,Amara Balakrishnan,anjalimore@example.com,432854.71,0.6911526390150138
CUST00174,Abeer Golla,nandiniboase@example.org,143166.87,0.9657623147407952
CUST00175,Gavin Wali,krishasaini@example.com,202840.8,0.8258371476012799
CUST00176,Nakul Pingle,ekta99@example.org,270426.79,0.9718943654952519
CUST00177,Nachiket Dugar,bumbanita@example.com,62094.17,0.9538719703396277
CUST00178,Vedika Sathe,nmahajan@example.net,93391.07,0.967272262739558
CUST00179,Hemani Sani,mandervidhi@example.net,136405.85,0.9638897557774688
CUST00180,Chakradev Kannan,abhakta@example.org,220109.06,0.5966130953023259
CUST00181,Siddharth Devan,bimala51@example.org,160270.27,0.8632743760806629
CUST00182,Qushi Gill,lajitawalia@example.net,258154.41,0.8106698069216416
CUST00183,Xiti Pandya,ranganathanbrijesh@example.com,290411.08,0.7156340363382327
CUST00184,Tripti Brahmbhatt,pushti96@example.net,355848.72,0.6595306776395903
CUST00185,Bimala Contractor,ubail@example.org,463159.71,0.5507272496340108
CUST00186,Janaki Chakrabarti,pcherian@example.com,361117.85,0.7815343587499005
CUST00187,Farhan Randhawa,harinakshi35@example.org,336961.11,0.8690385334709749
CUST00188,Yashvi Comar,ikshitapanchal@example.net,39637.04,0.7066152328659436
CUST00189,Warinder Chauhan,aahanahora@example.org,168449.02,0.8356222045118471
CUST00190,Faqid Goel,wshetty@example.net,424767.56,0.6849837273750947
CUST00191,Ekantika Mutti,riabir@example.com,153659.52,0.8594943330959985
CUST00192,Chavvi Maharaj,pandeyyashica@example.org,207154.49,0.6829924047497209
CUST00193,Triya Seth,bhandarijyoti@example.com,151349.33,0.7230321664348216
CUST00194,Gautam Tripathi,lshere@example.net,213120.94,0.6047337535954359
CUST00195,Shivani Guha,vamakshi82@example.org,340272.38,0.9543563784139787
CUST00196,Harshil Oza,thamanorinder@example.org,309679.88,0.9382063846650106
CUST00197,Raksha Sarna,janujapradhan@example.com,276228.92,0.6794084460631931
CUST00198,Nilima Nigam,nattdominic@example.com,147022.29,0.5501745540698337
CUST00199,Libni Mander,mason51@example.net,292092.47,0.7348519044956289
CUST00200,Inaya Mukherjee,mdayal@example.net,235169.15,0.8315234181923208
CUST00201,Dayita Puri,joshua81@example.net,110782.19,0.7401287137010673
CUST00202,Yashoda Pathak,patildayamai@example.org,451084.51,0.7534700599410102
CUST00203,Harita Sunder,upkaardevan@example.org,88997.24,0.8922906468545155
CUST00204,Chakrika Chaudhuri,nayarkaran@example.net,260148.74,0.5864620807918024
CUST00205,Mitesh Gaba,noahsarma@example.org,170918.19,0.8221645679792922
CUST00206,Janya Khanna,wmane@example.net,376813.38,0.9019220897507656
CUST00207,Vivaan Walla,dayamaisingh@example.org,116197.13,0.8393021383395818
CUST00208,Ridhi Shenoy,lavanya88@example.com,17090.57,0.635625871072428
CUST00209,Ryan Devi,charles75@example.net,240192.49,0.6552822939536906
CUST00210,Zaitra Dash,fiyaz24@example.com,41049.97,0.9153872086886348
CUST00211,Rajeshri Chand,shravyapalla@example.org,316733.86,0.7282096347290193
CUST00212,Chatresh Randhawa,warinder61@example.com,349695.35,0.633607151798075
CUST00213,Ayaan Nagar,nayakmadhav@example.org,125772.3,0.7625821826744879
CUST00214,Bhavini Sodhi,upasnasen@example.net,7744.68,0.8321049447780672
CUST00215,Fariq Bahl,tanveer28@example.net,386172.86,0.8729147249459434
CUST00216,Indrajit Mani,charvidara@example.org,215447.37,0.5958325375223218
CUST00217,Oni Shankar,choudhryxalak@example.net,479193.19,0.6256312731338086
CUST00218,Yutika Khurana,bishakhasanghvi@example.org,29858.1,0.7727218326908085
CUST00219,Wridesh Saha,frederickviswanathan@example.com,424926.49,0.6571552602537878
CUST00220,Yashica Tripathi,ramakrishnanupma@example.org,401701.22,0.7462785849521743
CUST00221,Kashvi Kulkarni,parikhekansh@example.com,494006.76,0.8370584250121318
CUST00222,Hemang Natarajan,chaitanyapandey@example.net,475269.61,0.8060444969418505
CUST00223,Parth Shetty,zgopal@example.org,308262.9,0.933313148098488
CUST00224,Tanvi Bansal,saksham03@example.org,254865.19,0.8592878033486658
CUST00225,Dayita Varma,qsolanki@example.org,276196.62,0.9071447429802084
CUST00226,Bhavika Parikh,narulaanjali@example.org,373109.44,0.9357994843903027
CUST00227,Rajeshri Ratta,vraju@example.org,133299.82,0.7541100078339129
CUST00228,Widisha Pillai,fitan61@example.com,320642.41,0.6563130871291536
CUST00229,Chaaya Nagi,buchfalak@example.net,263043.41,0.8792998842477812
CUST00230,Damini Sehgal,sganesan@example.com,140925.74,0.819501827902166
CUST00231,Sanya Basak,radhika40@example.org,146435.43,0.5833178421618365
CUST00232,Januja Varghese,azaandhar@example.net,163256.24,0.6668374960453394
CUST00233,Bakhshi Date,keerjeevika@example.com,73495.16,0.7822654556829363
CUST00234,Bachittar Dube,xprabhakar@example.com,348505.16,0.6494424362831204
CUST00235,Laksh Wagle,mitali54@example.org,36793.28,0.8537602309286574
CUST00236,Atharv Grewal,yvasa@example.net,273592.51,0.7252677289566323
CUST00237,Adweta Lad,nkala@example.com,107383.02,0.728782920664357
CUST00238,Ryan Das,ethanseth@example.org,452895.05,0.7306617126425731
CUST00239,Gagan Nagarajan,dhruv88@example.com,349283.88,0.8011541481078168
CUST00240,Nakul Ghosh,yashoda31@example.org,383969.32,0.9183947738906917
CUST00241,Warjas Tak,pateljyoti@example.com,7918.56,0.713563842438916
CUST00242,Gabriel Bhatti,mitali78@example.com,377970.19,0.7012562851488846
CUST00243,Ethan Dass,ethan77@example.net,476948.02,0.916982618744715
CUST00244,Kabir Gopal,rachitathakkar@example.org,375020.26,0.7301791515308234
CUST00245,Zarna Dua,nitesh25@example.net,303610.03,0.7848368931855508
CUST00246,Hiral Venkataraman,farhan43@example.net,113613.71,0.6448316385592422
CUST00247,Jeremiah Mitter,thakkarom@example.net,19367.29,0.7374094697000537
CUST00248,Onveer Nazareth,balakrishnanfinn@example.org,341175.23,0.6945357037903045
CUST00249,Shivansh Saha,tankbimala@example.net,86697.14,0.7238561677291839
CUST00250,Vasudha Konda,dmishra@example.org,68175.76,0.7509777641698934
CUST00251,Nakul Sarraf,dsule@example.org,18348.39,0.8175704932188479
CUST00252,Maanas Munshi,hemani62@example.com,284374.03,0.719428710226073
CUST00253,Eiravati Khurana,rdas@example.com,323161.08,0.5616538799263344
CUST00254,Lohit Chatterjee,mannanleena@example.net,233540.73,0.6083507795091426
CUST00255,Yuvraj Dutta,dhriti32@example.com,192656.41,0.5716223924001099
CUST00256,Wishi Morar,fbajaj@example.com,166788.67,0.6410139222109371
CUST00257,Wridesh Kale,chanakya04@example.com,192667.48,0.8773287743944316
CUST00258,Bhavika Yadav,chokshiraagini@example.org,416802.52,0.8733642241285575
CUST00259,Jasmit Rau,chakradev60@example.net,45543.59,0.6584767586664237
CUST00260,Janani Mani,rajuyamini@example.com,272012.43,0.5583348134315046
CUST00261,Jagat Dave,rameshkashvi@example.com,178230.37,0.97996036625896
CUST00262,Maanas Issac,ctella@example.org,391710.36,0.8295619600974462
CUST00263,Laksh Nath,dvenkataraman@example.org,378345.44,0.8302545017548725
CUST00264,Falak Nagar,mayamistry@example.net,103683.54,0.9583330450678752
CUST00265,Yashica Upadhyay,emistry@example.org,80429.26,0.558763407447743
CUST00266,Garima Choudhary,ymorar@example.net,336382.13,0.6042750191959088
CUST00267,Urvi Lanka,charansrinivasan@example.org,112892.45,0.7925069202299082
CUST00268,Manbir Kibe,choudharyrayaan@example.org,384614.56,0.8507699376358449
CUST00269,Dipta Sahota,nitarajani@example.com,305587.51,0.622149331648155
CUST00270,David Devi,ektasridhar@example.net,61693.77,0.8716080303407729
CUST00271,Dipta Ghose,vwalia@example.net,482536.78,0.9022995049537665
CUST00272,Aishani Sule,yatinmallick@example.net,17710.82,0.5964824623527709
CUST00273,Umang Mishra,sarthak75@example.com,340286.91,0.6841416150897189
CUST00274,Anusha Mani,raghavanmegha@example.com,201343.95,0.9620143204285352
CUST00275,Bina Basak,farhan57@example.net,42618.26,0.8574563231712714
CUST00276,Varenya Kala,anikamagar@example.org,315484.99,0.8469641988511816
CUST00277,Wriddhish Kibe,waliupkaar@example.net,387378.04,0.59381756134177
CUST00278,Charles Chaudhry,tnarayanan@example.com,302203.75,0.9156260928081824
CUST00279,Laksh Ahluwalia,niharikasoni@example.com,492002.95,0.6020536779789455
CUST00280,Bhavna Nagi,daniel19@example.org,176865.86,0.8865331989352384
CUST00281,Parth Sahni,balhaarranganathan@example.com,188432.58,0.7342025456909401
CUST00282,Bimala Barad,misrahredhaan@example.com,173909.43,0.7675631395611435
CUST00283,Suhani Viswanathan,gdesai@example.com,412053.8,0.9153175196098182
CUST00284,Reyansh Chowdhury,nicholas74@example.net,480589.85,0.5953817143769194
CUST00285,Akshay Nazareth,reyansh29@example.net,415210.12,0.8233015956236218
CUST00286,Prisha Varma,gabriel61@example.org,220566.14,0.8541427167936131
CUST00287,Vansha Naik,abeerlal@example.com,482909.5,0.8655319807257584
CUST00288,Sanya Loke,chasmum99@example.org,405058.61,0.6661354304465824
CUST00289,Jagvi Keer,daniudyati@example.com,244331.26,0.7814143497727499
CUST00290,Nidra Thakkar,jacob45@example.net,366857.98,0.7372970319916745
CUST00291,Theodore Deol,ddua@example.net,426598.01,0.665410081361167
CUST00292,Ojasvi Sinha,yugbumb@example.net,47898.13,0.9072143381229595
CUST00293,Janaki Brahmbhatt,bhatiayashasvi@example.org,125712.4,0.929101409121192
CUST00294,Nitesh Narang,rdada@example.org,307114.19,0.7498246406393897
CUST00295,Gavin Uppal,dbhakta@example.org,19206.5,0.7129654007751536
CUST00296,Tanmayi Bhardwaj,umorar@example.org,95010.73,0.9159097196143574
CUST00297,Aachal Aggarwal,elijahbath@example.com,399927.02,0.6412115355772878
CUST00298,Devansh Bhasin,sodhiazad@example.com,440758.39,0.696345702560642
CUST00299,Pranit Deshmukh,yprasad@example.com,141752.94,0.8515090126428466
CUST00300,Keya Buch,ijayadani@example.org,474290.98,0.5543649792086311
CUST00301,Joshua Kapoor,bajajchanchal@example.com,361436.96,0.5868135736419492
CUST00302,Ladli Karpe,trivenipal@example.org,380291.5,0.7600884741449786
CUST00303,Ranbir Chowdhury,sainiamol@example.org,324721.94,0.8469620159620048
CUST00304,Ekalinga Chaudhuri,sekhonchanakya@example.org,397501.77,0.761053174083792
CUST00305,Neelima Sarna,teerthbhalla@example.org,114690.22,0.5900129407385089
CUST00306,Vivaan Nagar,warjas42@example.net,156571.98,0.8474684767769368
CUST00307,Odika Mital,darsh89@example.net,239263.94,0.8000689016929179
CUST00308,Prisha Tandon,padmanabhanlakshmi@example.net,215624.39,0.7782964303926801
CUST00309,Omaja Rege,charitapuri@example.org,168741.69,0.8707522377868522
CUST00310,Wridesh Kar,maanas70@example.net,139103.63,0.8522276251398806
CUST00311,Omaja Wagle,lipikakibe@example.com,64724.66,0.6581035807664048
CUST00312,Ganga Brar,fprabhakar@example.net,64179.6,0.6328112461841525
CUST00313,Charan Loyal,ebaral@example.org,382283.86,0.7804215051150124
CUST00314,Varenya Joshi,chavvi03@example.org,112110.4,0.6296144322481947
CUST00315,Varenya Kibe,mekhalakhatri@example.net,363669.58,0.7582053925014648
CUST00316,Barkha Rai,pwalla@example.com,264695.25,0.9699410198397145
CUST00317,Advika Parsa,gshukla@example.net,54760.42,0.6716894424082307
CUST00318,Ekaja Jani,dhriti60@example.net,117604.17,0.6334705585791616
CUST00319,Madhav Babu,omisha42@example.org,12003.44,0.6271598637847234
CUST00320,Victor Raghavan,xalaknazareth@example.com,140784.11,0.7796780883850952
CUST00321,Vritti Sharma,indiragara@example.org,278912.69,0.9689468203741773
CUST00322,Qarin Bhargava,bordechanakya@example.org,67508.35,0.8498894789513836
CUST00323,Laksh Kashyap,doraaditya@example.org,247984.95,0.9234383148230659
CUST00324,Kashvi Bhasin,bsura@example.org,289161.79,0.9252694860493699
CUST00325,Advik Badal,bhavini08@example.net,223032.06,0.7518406863201195
CUST00326,Praneel Chhabra,viswanathanmanthan@example.org,30431.48,0.6292763782677352
CUST00327,Zayyan Pandya,mekhala15@example.com,241475.95,0.9546573466102843
CUST00328,Yagnesh Kara,faris01@example.com,203350.18,0.9035097274787551
CUST00329,Krishna Soni,andraonveer@example.org,316575.62,0.5818553332099251
CUST00330,Radha Narula,wablebrijesh@example.org,78852.8,0.5730519019457893
CUST00331,Vaishnavi Madan,bordeavni@example.net,155398.58,0.7920210267463627
CUST00332,Praneel Murty,johalmaanas@example.net,63633.52,0.9773847927653947
CUST00333,Faraj Mistry,wrideshramachandran@example.net,305127.24,0.8787106814902635
CUST00334,Leena Dey,tellahiral@example.org,116715.13,0.8900185568326704
CUST00335,Rajeshri Kata,oakmekhala@example.com,228004.66,0.7747061901059937
CUST00336,Anjali Seshadri,wkari@example.net,430782.5,0.7403700317283112
CUST00337,Rachana Grewal,xchada@example.net,156163.22,0.9757134420007231
CUST00338,Yatin Borah,loyalmitesh@example.com,306767.3,0.8170417480610239
CUST00339,Lopa Nadig,hredhaan10@example.com,474057.15,0.8682384013583544
CUST00340,Jagvi Madan,deogagan@example.org,109457.47,0.6393487995041272
CUST00341,Saumya Vala,bchauhan@example.org,82743.26,0.8339840989925758
CUST00342,Girik Nair,sarora@example.com,42157.11,0.6247398257803669
CUST00343,Frado Kibe,lajitagara@example.org,227999.33,0.551150560719241
CUST00344,Charvi Loyal,edhingra@example.org,149173.35,0.8053388139014122
CUST00345,Anya Sama,veda15@example.com,354943.14,0.6495347808590911
CUST00346,Warhi Hayre,ichhabra@example.com,229745.51,0.8522846499802984
CUST00347,Meghana Natarajan,cnarayan@example.com,462335.97,0.8455755156306344
CUST00348,Laban Mital,sai75@example.org,314403.71,0.8887660514580944
CUST00349,Eiravati Manne,ukibe@example.com,467165.89,0.8343087084269482
CUST00350,Maya Patla,iyengarpranit@example.net,274558.38,0.732809755424811
CUST00351,Triya Kadakia,smanne@example.org,454663.67,0.8284829310630667
CUST00352,Xalak Dewan,wyatt42@example.net,40347.87,0.9054513986495256
CUST00353,Krishna Borah,lsrinivas@example.com,157267.85,0.6213467993649117
CUST00354,Balhaar Parsa,choprayuvraj@example.net,286757.49,0.872051820489938
CUST00355,Ojas Basu,ynarula@example.com,66555.06,0.674102552971512
CUST00356,Advaith Chaudhari,tristan88@example.net,351368.17,0.8461315362212003
CUST00357,Sanaya Prasad,xsheth@example.net,252733.73,0.9553507835199375
CUST00358,Hemani Bakshi,scheema@example.com,44818.72,0.7623319443183862
CUST00359,Jack Dhar,devika57@example.org,218854.19,0.5671401371989536
CUST00360,Ijaya Soni,sarmasneha@example.com,128932.11,0.688598280844069
CUST00361,Charita Basu,bajajhemal@example.net,481146.0,0.5892705612513237
CUST00362,Nitesh Kohli,nathanielnarayanan@example.net,289723.56,0.9094622039796579
CUST00363,Turvi Kata,lgour@example.net,499788.35,0.9588380994567315
CUST00364,Meghana Balakrishnan,shivanisanghvi@example.com,138407.96,0.8390810812503928
CUST00365,Tanish Jha,dev91@example.net,379353.07,0.567299619452185
CUST00366,Jasmit Nanda,tanvicomar@example.com,327497.2,0.7523153539982025
CUST00367,Dhriti Rama,wcomar@example.com,94837.13,0.94391129880851
CUST00368,Orinder Mishra,desaidhriti@example.org,319218.44,0.8016917388694773
CUST00369,Dalaja Dada,kashvidhaliwal@example.net,50164.99,0.7614420949421358
CUST00370,Omya Devi,lsampath@example.com,169987.65,0.6996232542066997
CUST00371,Ojas Suri,logan25@example.com,429577.88,0.8381574090941097
CUST00372,Jagrati Andra,mdeshpande@example.com,348368.47,0.6918155753389552
CUST00373,Nilima Swamy,fsawhney@example.org,472870.8,0.673933652005426
CUST00374,Azaan Kannan,bachittar43@example.net,277297.82,0.8998333949373283
CUST00375,Om Shankar,hvaidya@example.net,160685.99,0.7455751406987436
CUST00376,Amrita Peri,sastrytejas@example.com,485241.44,0.6890077280986777
CUST00377,Yug Mishra,senguptaadya@example.com,259725.14,0.7237952745103207
CUST00378,Reva Dalal,shauryapanchal@example.net,330541.89,0.9748912623561543
CUST00379,Noah Dewan,samuelbhargava@example.net,209557.55,0.7833152455735939
CUST00380,Avni Yohannan,ekiyamaster@example.com,184080.78,0.6306604927996466
CUST00381,Yoshita Chandran,nishabhargava@example.com,314577.33,0.8752705562438967
CUST00382,Kevin Krish,ekantakota@example.net,105761.33,0.8767959305062373
CUST00383,Vrishti Dhar,oeshi67@example.org,464198.02,0.7861644448066927
CUST00384,Neha Varma,jyoti77@example.com,350633.76,0.7383899208811227
CUST00385,Girik Shanker,dev86@example.org,486707.67,0.6022132158459266
CUST00386,Siddharth Talwar,ekantika45@example.net,123452.24,0.8118148168452449
CUST00387,Vedhika Oza,batrahardik@example.net,277665.31,0.6181026104362499
CUST00388,Amol Dash,ridhishan@example.org,51138.55,0.7874681058931052
CUST00389,Samaksh Deo,nathan41@example.net,456900.29,0.9766705699399445
CUST00390,Zashil Butala,noah06@example.net,63145.74,0.7484225944968769
CUST00391,Vivaan Sanghvi,chandranaarav@example.org,251695.87,0.9078215647206276
CUST00392,Faras Deo,zilmilsaxena@example.org,256891.65,0.8581394301764702
CUST00393,Hemal Dara,edeo@example.org,418188.35,0.6675727055867079
CUST00394,Leela Chakraborty,chauhandhriti@example.com,125646.8,0.9715051920194515
CUST00395,Laksh Raja,lukebiswas@example.net,194875.08,0.787043983058602
CUST00396,Nitesh Sarraf,tanay26@example.net,256579.24,0.9464033044705715
CUST00397,Teerth Chadha,deyjatin@example.net,432693.33,0.9281102897129847
CUST00398,Indali Sanghvi,logan34@example.net,396053.06,0.6687863832134776
CUST00399,Yuvraj Mane,mitrasamesh@example.net,467452.95,0.7284252421270785
CUST00400,Manya Merchant,khatriwarda@example.com,411171.99,0.7683272005981523
CUST00401,Wridesh Tata,wableadvik@example.com,152785.15,0.6716207628116155
CUST00402,Kevin Ram,ipau@example.net,499456.65,0.8023832206380892
CUST00403,Urishilla Bora,birakshay@example.com,78554.73,0.7605453490619515
CUST00404,Balveer Bhasin,stoor@example.net,175836.35,0.7815896484126656
CUST00405,Pallavi Ratti,yadavmichael@example.com,273997.88,0.7873244893404487
CUST00406,Dayita Brar,nachiketyadav@example.com,164279.79,0.7457981852525954
CUST00407,Dominic Mukherjee,dkhare@example.org,350261.72,0.6311205206940553
CUST00408,Radha D’Alia,tbhakta@example.net,120613.41,0.7958729860535074
CUST00409,Jagdish Arora,advaygade@example.com,26605.41,0.8834841242926813
CUST00410,Zansi Lad,kamyadate@example.net,354087.8,0.8702232151730342
CUST00411,Jacob Balan,pushti48@example.org,196108.98,0.898905828102897
CUST00412,Faraj Taneja,xvaidya@example.org,411270.04,0.8353861966783499
CUST00413,Ojas Pillai,aadhyachauhan@example.net,250187.68,0.9717517996237075
CUST00414,Vedant Upadhyay,basuadvik@example.org,253634.12,0.5659184328785978
CUST00415,Urmi Patla,ldoctor@example.org,435501.66,0.8037775846031139
CUST00416,Udarsh Nagy,omajanagarajan@example.com,222951.57,0.9259018608433526
CUST00417,Kashish Dar,golaudant@example.net,231179.4,0.7761589673272514
CUST00418,Nandini Biswas,xmandal@example.com,207939.42,0.8606508458553763
CUST00419,Gabriel Shan,pillaysai@example.com,81408.8,0.8315559703639255
CUST00420,Xavier Shetty,wakeeta38@example.org,484755.8,0.7518809584234347
CUST00421,Abeer Rout,kaulhiral@example.net,347888.78,0.6955813306421157
CUST00422,Gautami Agarwal,gmohanty@example.org,426623.82,0.8294297606090872
CUST00423,Oni Swamy,dharati@example.org,430374.38,0.916506774723334
CUST00424,Vincent Venkatesh,dpradhan@example.net,161747.27,0.7134040409347417
CUST00425,Girish Tiwari,meeraborde@example.net,380903.9,0.8590484928458827
CUST00426,Radhika De,bishakhalal@example.com,22770.05,0.9251246974813706
CUST00427,Eta Nadkarni,omagar@example.org,317424.7,0.5794209212880672
CUST00428,Laban Chopra,hiteshgala@example.com,498725.83,0.9459995124755276
CUST00429,Dipta Ray,wasonishita@example.org,219815.88,0.8711095376973086
CUST00430,Darika Sheth,jagdish12@example.net,318705.18,0.5923305443447752
CUST00431,Banjeet Kale,manbir13@example.com,224620.88,0.9252090700210489
CUST00432,Yochana Bawa,abha20@example.com,452194.91,0.8484205000010909
CUST00433,Zaid Chandra,zchaudry@example.org,399091.02,0.5697761165312015
CUST00434,Advik Bhatia,kalpithora@example.com,190546.34,0.6761481436650398
CUST00435,Frado Lad,bainsdhruv@example.org,267927.33,0.6125950121507413
CUST00436,Kabir Chanda,jason07@example.org,397297.14,0.7933490666238528
CUST00437,Rachita Rana,ybalan@example.net,44089.33,0.6230929690992819
CUST00438,Orinder Pandya,rachitmaharaj@example.com,311756.63,0.9244610274172875
CUST00439,Manthan Banerjee,chakrikatara@example.com,456850.36,0.6535568104982147
CUST00440,Darsh Chahal,leela26@example.org,233269.21,0.6115406196552592
CUST00441,Anirudh Raja,varsha87@example.com,131386.72,0.6592102559478232
CUST00442,Lipika Madan,atharvnagar@example.net,403293.37,0.5540408955255945
CUST00443,Ayushman Mand,sodhiishita@example.net,340417.39,0.9375200521475197
CUST00444,Nathaniel Chaudhry,wrideshlata@example.net,223656.24,0.6179295174908684
CUST00445,Theodore Rama,oscar23@example.net,295847.99,0.6985932185105251
CUST00446,Jagrati Bala,lucky93@example.com,215032.92,0.8247436420148052
CUST00447,Parth Swaminathan,chanadaksh@example.org,423425.44,0.6575422364953115
CUST00448,Anmol Vyas,vacharya@example.net,195423.16,0.6356633096168237
CUST00449,Kalpit Oak,ekiyabhargava@example.org,122416.82,0.7577794662554629
CUST00450,Lucky Choudhry,elijah56@example.net,289531.91,0.7959267577108178
CUST00451,Gayathri Mittal,laban26@example.net,151139.22,0.9768575787595659
CUST00452,Edhitha Ghosh,udant92@example.com,330823.76,0.970516128368051
CUST00453,Chaitaly Datta,aaravraman@example.net,285134.86,0.6680265634766379
CUST00454,Qabil Nadkarni,hemangtaneja@example.org,373611.08,0.8448937818756252
CUST00455,Faras Khanna,ekaja21@example.net,305171.21,0.57108902783368
CUST00456,Sanya Apte,shaurya31@example.com,452556.87,0.7635927332052642
CUST00457,Hritik Agarwal,rajuraksha@example.net,400435.76,0.6730634851274536
CUST00458,Ojas Sachdev,wradhakrishnan@example.net,179398.87,0.8110379492106343
CUST00459,Harrison Srinivas,nicholasseth@example.org,312341.13,0.8237456875425335
CUST00460,Chaitaly Bahri,advika11@example.com,361859.55,0.8414387172080446
CUST00461,Keya Dyal,chanderhamsini@example.net,419976.87,0.8334480623362042
CUST00462,Azaan Sankar,radhadugar@example.org,452184.83,0.8201466845853662
CUST00463,Garima Jha,nimratzachariah@example.com,157921.78,0.8279264618229247
CUST00464,Chameli Khanna,bawamaya@example.net,291889.03,0.739553971770009
CUST00465,Mitesh Bhagat,aarush61@example.com,49616.02,0.8649147002138724
CUST00466,Ryan Chatterjee,jhaverionkar@example.net,375003.03,0.6768974942005368
CUST00467,Finn Solanki,morarmitali@example.com,70419.1,0.6255252302910519
CUST00468,Alka Chand,xgoyal@example.com,485887.34,0.7819453363633011
CUST00469,Rachit Sehgal,lallria@example.com,457176.05,0.7782665206921976
CUST00470,Upkaar Luthra,doragunbir@example.org,132200.19,0.9071032264139809
CUST00471,Odika Karan,ramomya@example.net,243514.68,0.9046166193932351
CUST00472,Warinder Soni,farhan60@example.net,374546.88,0.8967900523313196
CUST00473,Jai Sen,oliverkakar@example.org,62009.01,0.6956475591348111
CUST00474,Brijesh Sampath,saransaksham@example.net,74674.72,0.9640441159336173
CUST00475,Aarna Nagarajan,chahallipika@example.net,430769.6,0.9655950900689834
CUST00476,Eshana Majumdar,yarora@example.net,490071.41,0.8614131861924728
CUST00477,Isaiah Sachdeva,manbirchaudhry@example.org,403270.88,0.9659259913390139
CUST00478,Bhavika Wason,nirja46@example.net,396387.57,0.7072832712443935
CUST00479,Urvashi Barad,anyarau@example.org,270603.29,0.5559850216933876
CUST00480,Balvan Randhawa,wazir07@example.com,338050.05,0.7455579919255662
CUST00481,Anmol Nazareth,deepa47@example.net,294357.25,0.8391065428609357
CUST00482,Vedant Desai,saanvi54@example.net,470444.49,0.9036394395275129
CUST00483,Gaurav Guha,akakar@example.net,120741.84,0.5965888239456693
CUST00484,Zaitra Prakash,varmanathan@example.org,442696.25,0.5607605993479874
CUST00485,Yashawini Raval,ayushghose@example.org,458051.67,0.791405174367448
CUST00486,Dalbir Krish,shanchandresh@example.com,36292.44,0.6451878960318157
CUST00487,Anusha Pillay,ztiwari@example.net,455146.88,0.9042578010978926
CUST00488,Azaan Khurana,vrinda97@example.org,207106.45,0.6799417750475776
CUST00489,Inaya Padmanabhan,aarnachana@example.com,473399.46,0.610104115378105
CUST00490,Libni Bawa,tanishkant@example.net,248849.19,0.6808767712730823
CUST00491,Samuel Luthra,bvarghese@example.net,444193.36,0.5917925594073833
CUST00492,Urvi Deo,abhiramkapur@example.com,229553.66,0.6083355409437248
CUST00493,Anvi Sampath,dpalla@example.com,372854.36,0.8383090741055736
CUST00494,Unnati Mittal,achaudry@example.net,212467.74,0.9567688568851558
CUST00495,Barkha Misra,subramaniamdevansh@example.com,81488.84,0.8691756763490859
CUST00496,Ekta Malhotra,chanchal32@example.net,54015.71,0.7284003467978271
CUST00497,Dakshesh Raval,logan07@example.com,207017.36,0.7604192262495343
CUST00498,Omya Ravel,lbanik@example.net,21194.56,0.9591542559138555
CUST00499,Hemal Kapadia,gparmer@example.com,224474.63,0.7093278822558072
CUST00500,Pratyush Memon,sinhakabir@example.net,428447.85,0.9587387230361135
CUST00501,Qadim Nayak,kapadiaisha@example.org,344411.73,0.592722488580636
CUST00502,Osha Narula,abha94@example.com,489032.05,0.7841203204373224
CUST00503,Upma Bera,sodhirobert@example.net,202079.12,0.7042297517212968
CUST00504,Lakshmi Wagle,odika02@example.org,65469.06,0.6316176817292642
CUST00505,Hema Rout,udhar@example.net,230085.1,0.9146542710393828
CUST00506,Faris Sura,peter50@example.org,322643.71,0.8349905573666505
CUST00507,Anusha Kadakia,nathansuri@example.org,15571.94,0.8067727625934045
CUST00508,Radha Sanghvi,esanghvi@example.com,125566.6,0.8883216738954852
CUST00509,Baljiwan Walla,kashviatwal@example.com,284466.1,0.6041472706824584
CUST00510,Andrew Agrawal,upkaarpadmanabhan@example.com,383752.9,0.5795023657144731
CUST00511,Harshil Rajagopal,oliver10@example.com,111895.92,0.6390776692490632
CUST00512,Tamanna Venkatesh,radha25@example.com,167636.98,0.9239690335109042
CUST00513,Raghav Gala,obahl@example.org,450762.86,0.6134482973748209
CUST00514,Siddharth Bains,jatinperi@example.net,429911.03,0.5512192871364071
CUST00515,Keya Kumer,bavahritik@example.net,69346.11,0.6122158315378184
CUST00516,Chanakya D’Alia,ysawhney@example.org,91376.07,0.6577813045930933
CUST00517,Urvi Dua,adityamitra@example.com,17761.17,0.8342547863168462
CUST00518,Zinal Madan,omyacheema@example.net,396042.41,0.5563899407092049
CUST00519,Barkha Comar,tankrushil@example.net,165266.87,0.6523105906188992
CUST00520,Adya Virk,ishitarout@example.com,30937.51,0.6249258666046562
CUST00521,Balveer Taneja,vasananarayanan@example.org,265412.34,0.8689387644902843
CUST00522,Agastya Chakraborty,takmanthan@example.org,240741.75,0.8706360682646181
CUST00523,Harrison Kunda,tanmayiminhas@example.com,259052.79,0.8845473269051072
CUST00524,Chandresh Chaudhry,balveermannan@example.com,254400.15,0.5968932243016536
CUST00525,Pooja D’Alia,bathaditya@example.org,26465.69,0.9565287264771457
CUST00526,Falguni Parmar,uloyal@example.org,434155.55,0.8867876082715632
CUST00527,Hema Goswami,rattanmugdha@example.com,231731.05,0.7742240223266261
CUST00528,Lekha Sridhar,hganesan@example.org,35108.58,0.9645312587424724
CUST00529,Nathaniel Chawla,zsubramanian@example.net,203800.54,0.7559622217292963
CUST00530,Pratyush Raghavan,ayush27@example.com,247683.08,0.8450219233067601
CUST00531,Nisha Sastry,bhatnagaradvika@example.net,41377.9,0.9411713565195485
CUST00532,Advik Vohra,hamsinivenkataraman@example.net,306107.22,0.5847399052866405
CUST00533,Rachita Kothari,qpal@example.net,141132.92,0.578243360327649
CUST00534,Manthan Bhagat,dugaryashasvi@example.com,276436.43,0.8222229914494367
CUST00535,Noah Borde,pnagi@example.com,497340.74,0.6898297406270273
CUST00536,Chandresh Tripathi,kritikarau@example.org,229589.13,0.7781394400954695
CUST00537,Tripti Sawhney,fchakrabarti@example.com,54093.34,0.8103335203601845
CUST00538,Jagat Tank,chauhannetra@example.com,427132.4,0.8517651499748085
CUST00539,Aadi Chand,yashoda83@example.net,385636.55,0.8298941658989614
CUST00540,Harita Patla,kapoorsuhani@example.com,111436.42,0.8599611641627676
CUST00541,Januja Sethi,chatterjeetristan@example.org,118104.32,0.744168613865071
CUST00542,Isha Manne,hitesh02@example.com,229481.96,0.6957405960991254
CUST00543,Nimrat Chhabra,rohan31@example.com,52067.49,0.7288755496124429
CUST00544,Tanvi Halder,hritik60@example.net,334228.39,0.733508522692212
CUST00545,Shravya Shankar,wishiagrawal@example.net,80556.27,0.7109494400772809
CUST00546,Rachita Subramanian,oscardave@example.org,38230.99,0.9468835653657852
CUST00547,Ekanta Thaman,msahota@example.net,51148.9,0.9076619120441874
CUST00548,Anusha Rao,chaitaly72@example.org,370704.02,0.5915227060032878
CUST00549,Yauvani Mistry,teerth33@example.net,280403.51,0.8990607926692786
CUST00550,Hemani Deo,yahvinaidu@example.net,282985.27,0.8021799855779751
CUST00551,Indira Srinivasan,swalla@example.com,65504.49,0.6917477720089682
CUST00552,Hredhaan Bakshi,ddhillon@example.net,334343.56,0.7020471742425201
CUST00553,Ryan Loke,bhavinikrishna@example.org,434705.61,0.8726222276081357
CUST00554,Chakrika Jani,parmersneha@example.org,484357.32,0.8600560918608442
CUST00555,Lopa Khanna,champak66@example.com,179064.86,0.8081763392266111
CUST00556,Chatura Arya,samaksh97@example.org,110305.71,0.7985049629076376
CUST00557,Ronith Hari,saumya21@example.org,116001.21,0.8323966102849054
CUST00558,Yoshita Dar,bbaria@example.com,423459.84,0.5965339042287247
CUST00559,Kalpit Dyal,abdul57@example.net,382489.79,0.7080512517646006
CUST00560,Balveer Dube,charan94@example.com,404574.58,0.7968630018625289
CUST00561,Elijah Nadkarni,qarinverma@example.org,487400.57,0.913416719371194
CUST00562,Ojasvi Yadav,wchanda@example.org,308718.77,0.901923549602488
CUST00563,Garima Narula,chaaya39@example.net,17995.65,0.8263606404468276
CUST00564,Aditya Contractor,sanaya39@example.net,415583.09,0.9495062451278227
CUST00565,Balveer Nagi,ycomar@example.com,94305.96,0.6650025218162676
CUST00566,Aryan Varughese,yoshita87@example.com,157947.42,0.85216047233221
CUST00567,Chaman Hans,yoshita11@example.org,8022.37,0.6961246024142211
CUST00568,Dominic Kade,paninichawla@example.org,285328.94,0.9240409638106684
CUST00569,Ekbal Dube,sharafgarima@example.org,75227.95,0.7223372679197917
CUST00570,Ethan Bhagat,zayanbobal@example.net,20175.26,0.822263965441871
CUST00571,Aarna Reddy,oseshadri@example.com,111490.78,0.8708280576624539
CUST00572,Diya Badal,idani@example.org,173743.51,0.7305279723187363
CUST00573,Chakradev Bora,yadavi14@example.net,362190.0,0.7091228297651118
CUST00574,Gabriel Manda,zraj@example.net,285958.81,0.8840393165856986
CUST00575,Urvi Dugar,labanraman@example.net,31041.37,0.5865315271901871
CUST00576,Maanas Misra,advay88@example.org,310829.9,0.6176862557560758
CUST00577,Benjamin Ahluwalia,jyogi@example.org,139690.91,0.8398065455636385
CUST00578,Shivansh Padmanabhan,nitaravala@example.org,245402.54,0.8346336379075523
CUST00579,Qarin Kant,rishi12@example.net,140217.59,0.740079000280045
CUST00580,Triya Bora,ekalinga41@example.org,61339.67,0.8746255517773993
CUST00581,Ganga Parikh,wahabchaudhry@example.com,145207.0,0.7348628623610929
CUST00582,Rishi Nadkarni,vseshadri@example.net,245883.21,0.8417490895468571
CUST00583,Michael Patla,priya20@example.com,27481.59,0.8368670002566303
CUST00584,Timothy Sarin,jagvi25@example.com,301665.85,0.7199632603176804
CUST00585,Sanaya Parmer,vidhi81@example.org,154202.58,0.5533054469369497
CUST00586,Avni Dey,adyabose@example.net,72931.23,0.6408306110647343
CUST00587,Anirudh Tripathi,ravelsimon@example.org,167420.57,0.6598733867292275
CUST00588,Urmi Dixit,manya39@example.net,374771.99,0.5533238598248041
CUST00589,Krish Shetty,ranganathanjanuja@example.net,193202.69,0.6255487648066123
CUST00590,William Gandhi,sanayadutta@example.org,252629.86,0.8525786432545454
CUST00591,Veda Parmer,kandavinaya@example.org,404069.09,0.9083423070405476
CUST00592,Aishani Pingle,brijeshjhaveri@example.net,431573.36,0.580992463534628
CUST00593,Lipika Singh,cbatra@example.net,14277.06,0.5681899724720003
CUST00594,Harshil Verma,adya98@example.net,431744.46,0.9460998468360373
CUST00595,Krisha Radhakrishnan,faras84@example.com,288832.84,0.7975764391168374
CUST00596,Zaitra Ravi,hemani77@example.net,211758.51,0.8550845534746417
CUST00597,Yachana Dewan,ogandhi@example.org,15324.0,0.5995245502454333
CUST00598,Siddharth Doctor,nakulpathak@example.net,401654.47,0.689650317161571
CUST00599,Victor Sachdeva,ishaan77@example.com,416852.83,0.8157938632208233
CUST00600,Neel Roy,kohlicaleb@example.org,48624.29,0.9455009932487954
CUST00601,Krish Vala,dindaksh@example.org,125441.66,0.9131282747203197
CUST00602,Pranit Varughese,ubahl@example.net,264361.46,0.8032146539702522
CUST00603,Frederick Kalita,esinha@example.org,158585.91,0.7201796796495132
CUST00604,Nirja Dhar,yastilalla@example.org,169868.97,0.6959907108938395
CUST00605,Sudiksha Biswas,kritikarajan@example.org,257689.23,0.6222970644596453
CUST00606,Amol Jain,mdoctor@example.org,257426.27,0.5990314551305777
CUST00607,Vamakshi Barad,chandervasatika@example.net,177940.76,0.9395467745794217
CUST00608,Aarav Sankar,cprabhakar@example.net,410379.56,0.8627730154397788
CUST00609,Veer Subramaniam,lpalla@example.net,121953.08,0.9004659124725061
CUST00610,Pavani Desai,vansha31@example.com,102649.54,0.6129710138594087
CUST00611,Aarini Gulati,amblejacob@example.net,381306.57,0.8090315636674613
CUST00612,Keya Jha,nilima51@example.org,92687.33,0.8318688745230578
CUST00613,Zehaan Lal,npau@example.com,249587.93,0.8823246783764509
CUST00614,Samar Sachdev,xgola@example.net,381139.19,0.8744117048562039
CUST00615,Zehaan Mohanty,mitali21@example.net,462456.36,0.7430292605078771
CUST00616,Sanya Edwin,kalayashoda@example.com,319472.67,0.7927314668632037
CUST00617,Charles Dyal,zahluwalia@example.org,432802.2,0.8185443651600148
CUST00618,Urishilla Saran,bhattadya@example.org,79723.91,0.8197034849669018
CUST00619,Fariq Barad,nrattan@example.net,223892.99,0.5793630911531752
CUST00620,Dakshesh Gill,asarna@example.org,140963.47,0.6802127871097756
CUST00621,Robert Bandi,omkaarbanik@example.com,256131.76,0.5741540116916236
CUST00622,Aadi Dugar,majumdarmugdha@example.com,228697.36,0.6834753757607137
CUST00623,Nidra Iyer,biswasgautam@example.net,416689.83,0.5744627218585996
CUST00624,Ijaya Palan,upkaar93@example.com,432803.77,0.5829943305045857
CUST00625,Aayush Lal,niharikatoor@example.org,309429.15,0.9177761497261188
CUST00626,Yahvi Menon,jackson84@example.net,234042.27,0.7680391614536007
CUST00627,Saanvi Purohit,wkohli@example.com,396949.81,0.7883560396754707
CUST00628,Triveni Bala,qdada@example.org,227618.18,0.9352270091894251
CUST00629,Thomas Karpe,nitara58@example.net,327659.54,0.8982208446101276
CUST00630,Adya Kothari,girik65@example.org,240436.37,0.6882565080385842
CUST00631,Vamakshi Murthy,tejas94@example.org,35627.48,0.6148702629791246
CUST00632,Wishi Iyengar,wyattlanka@example.org,450067.78,0.5945058072262684
CUST00633,Samaksh Krish,nachiket11@example.org,358586.2,0.6976782436104552
CUST00634,Abeer Basak,nprabhu@example.com,90416.66,0.7669560706454117
CUST00635,Anvi Swaminathan,yastimammen@example.com,221690.35,0.6565298011472622
CUST00636,Kabir Bhagat,isridhar@example.org,263760.28,0.7389513704579285
CUST00637,Meera Ghosh,sdara@example.net,189561.73,0.6182608694320628
CUST00638,Diya Anand,kadeladli@example.net,207340.85,0.6716442388041997
CUST00639,Eshana Pathak,rachit84@example.org,300953.5,0.6954978731418104
CUST00640,Urishilla Oza,qarin76@example.org,325416.15,0.8893675805723759
CUST00641,Kashish Patla,cmammen@example.org,51780.44,0.5783420973402785
CUST00642,Veer Chaudhry,warinder86@example.com,145652.75,0.8417031182812349
CUST00643,Madhav Doctor,landra@example.com,329999.22,0.8612054716510585
CUST00644,Krish Varughese,vidhi44@example.net,437273.43,0.9397273597803812
CUST00645,Mitali Chaudhary,darpankale@example.com,293456.06,0.6933456755060393
CUST00646,Gopal Sengupta,abha55@example.net,178161.29,0.6108142036512567
CUST00647,Hemangini Bahri,wdara@example.net,350747.58,0.9661094983078802
CUST00648,Owen Mane,ekta87@example.net,299545.41,0.7185419332642049
CUST00649,Farhan Raj,ubika22@example.net,158243.03,0.9533409458132771
CUST00650,Oviya Ravel,buchneel@example.com,396872.67,0.7119721016042091
CUST00651,Dipta Nadig,amara96@example.com,336707.62,0.8996694570403644
CUST00652,Janani Verma,ksachdev@example.org,370693.46,0.9064523583446198
CUST00653,Jeremiah Keer,fariq32@example.com,265564.7,0.8447282093193578
CUST00654,Girish Bhatt,bbhagat@example.com,214586.15,0.8277906729153999
CUST00655,Hemang Lala,fradoramakrishnan@example.com,184485.85,0.7055860814291174
CUST00656,Yug Mander,idate@example.net,111025.37,0.6275130568370433
CUST00657,Ayush Banerjee,eshana77@example.net,245704.11,0.9574973550397692
CUST00658,Sai Deshmukh,tanmayisaran@example.net,73094.85,0.6474135100095716
CUST00659,Idika Subramaniam,gauravsathe@example.com,422992.05,0.5831809862493769
CUST00660,Nitara Lad,chavvianne@example.org,386582.99,0.5934905283771945
CUST00661,Hemangini Mangat,awarrior@example.net,442422.67,0.909101525452859
CUST00662,Vansha Mistry,sanibrinda@example.net,171698.36,0.5662314217137514
CUST00663,Abhimanyu Prakash,nishasarkar@example.com,69869.28,0.8795122699123139
CUST00664,Nihal Ramakrishnan,qkannan@example.org,85312.37,0.7119895444536857
CUST00665,Wriddhish Varughese,bhavani84@example.com,386693.42,0.907478374376324
CUST00666,Ekapad Gopal,bimalachoudhry@example.net,86941.89,0.8978887994448994
CUST00667,Sneha Magar,uguha@example.org,208375.01,0.7381995642094892
CUST00668,Chandran Warrior,grewalharsh@example.com,122577.45,0.8408360565410691
CUST00669,Jeremiah Sarma,kaulgautam@example.org,146039.33,0.7410054452162685
CUST00670,Wakeeta Kalla,osha47@example.com,227219.34,0.8718707027810376
CUST00671,Azad Narayanan,dhingradaksh@example.com,158186.61,0.7796247943702523
CUST00672,Ekbal Singhal,rehaankrishna@example.com,237162.72,0.8977082645690382
CUST00673,Jairaj Kothari,psavant@example.net,187081.27,0.9090987588720542
CUST00674,Rushil Sharma,vermasathvik@example.com,492297.7,0.9572659732049729
CUST00675,Devika Naidu,brijeshverma@example.org,144477.01,0.7485223907296253
CUST00676,Vasana Misra,jalsaben@example.net,266092.6,0.7142051467020055
CUST00677,Isaiah Keer,anair@example.org,409361.16,0.9654953058785574
CUST00678,Jagdish Randhawa,adityabasak@example.net,73507.27,0.8945414663851654
CUST00679,Mohammed Prabhu,kotharinakul@example.com,322383.62,0.657501380983273
CUST00680,Hamsini Bhasin,parekhmitesh@example.net,279497.67,0.9258702863724619
CUST00681,Jeremiah Sura,edhithapalan@example.com,423716.68,0.5941135846518161
CUST00682,Ansh Purohit,krish40@example.com,146106.19,0.9160014006764549
CUST00683,Chaitaly Suri,rachitpall@example.com,140031.69,0.8781402370254271
CUST00684,Anvi Dyal,walimohammed@example.com,77937.58,0.9392816698606437
CUST00685,Adya Peri,xacharya@example.net,473474.57,0.7381132008838418
CUST00686,Qasim Bahl,william51@example.net,228308.36,0.6454763429700017
CUST00687,Ranveer Viswanathan,ndube@example.com,18201.74,0.700321583599619
CUST00688,Nimrat Nagy,charekalinga@example.org,253493.52,0.5729004614835621
CUST00689,Pranav Balay,hredhaansunder@example.org,497290.05,0.6513845717612761
CUST00690,Azad Rama,nvora@example.net,18952.84,0.7112124495696401
CUST00691,Chandran Peri,ekavirarya@example.org,420392.26,0.9502551390424798
CUST00692,Fariq Sidhu,patelojasvi@example.com,396733.42,0.8294830942464981
CUST00693,Amaira Wadhwa,bobaldaksha@example.org,147005.3,0.6091678227221249
CUST00694,Zilmil Chatterjee,kashyaplekha@example.org,349555.63,0.9067974807557138
CUST00695,Yuvraj Gola,xcherian@example.net,354240.41,0.6096808574818201
CUST00696,Tara Sane,ganesanpranit@example.net,7599.34,0.742898633812366
CUST00697,Yamini Nazareth,saanvipandey@example.com,131682.34,0.5840670816464102
CUST00698,Kamya Sachar,mnaik@example.org,276658.1,0.9090341326914237
CUST00699,Keya Kumar,sneha76@example.org,266246.9,0.8627109576897207
CUST00700,Bhavani Babu,chasmumahuja@example.com,147610.28,0.5978103499394225
CUST00701,Tanish Murty,majumdaryasti@example.net,28635.98,0.6794950136720747
CUST00702,Girindra Barad,jparekh@example.org,397980.06,0.7305249838139806
CUST00703,Jeevika Krish,aahanamital@example.org,59874.66,0.7465588551536729
CUST00704,Teerth Brahmbhatt,vasudha27@example.net,300385.83,0.9392131608346593
CUST00705,Charita Barad,xbrar@example.org,260110.99,0.5570672014485346
CUST00706,Ijaya Saraf,xdara@example.org,76070.54,0.6540333978010272
CUST00707,Lavanya Bhagat,benjamin58@example.net,309330.74,0.7345727240344335
CUST00708,Eta Thakkar,michaelbedi@example.net,211200.96,0.6534426226868137
CUST00709,Sanaya Thaman,kapadiarachana@example.com,47378.91,0.8356796597490639
CUST00710,Manbir Deo,fitan79@example.net,38501.26,0.9691014311094552
CUST00711,Mohini Lala,rastogiyachana@example.com,256127.21,0.7762055614885334
CUST00712,Krishna Srivastava,vinayarana@example.net,279305.22,0.974982538806481
CUST00713,Yatin Kibe,lataqushi@example.com,237716.86,0.7178951050008275
CUST00714,Isaiah Sachdev,wpau@example.org,490614.51,0.8233384403315109
CUST00715,Hemangini Bajwa,omkaar59@example.com,13039.9,0.6590696122597615
CUST00716,Ridhi Basu,ryanprakash@example.org,175677.23,0.8890636070001916
CUST00717,Isaiah Bhagat,manbirmani@example.org,315987.2,0.865164639223776
CUST00718,Indrajit Mody,bsinha@example.com,368917.56,0.8817455908672394
CUST00719,Siddharth Jani,vasudha92@example.net,26946.17,0.6929830015999535
CUST00720,Krisha Vyas,kumeronkar@example.org,407686.89,0.7847859104393073
CUST00721,Sai Madan,shroffabhiram@example.org,390675.58,0.6252883246322347
CUST00722,Anika Parsa,bahlbrinda@example.net,349217.68,0.7497878468912262
CUST00723,Vihaan Rai,muttivedhika@example.net,406691.35,0.8216464145360853
CUST00724,Quincy Issac,cbains@example.org,389214.25,0.5771332309238566
CUST00725,Gauri Suri,bdugar@example.com,150254.07,0.7468022183023619
CUST00726,Isha Mittal,yachanamajumdar@example.org,103737.57,0.568836698533423
CUST00727,Lila Balan,umang25@example.com,467018.64,0.5680195550300643
CUST00728,Gagan Raja,omishakhosla@example.net,494615.74,0.7716149433794345
CUST00729,Pooja Muni,saumya82@example.org,130390.31,0.7835031999912999
CUST00730,Samaksh Devi,krishna62@example.net,99596.2,0.873915095092112
CUST00731,Eesha Bir,goureesha@example.org,391516.58,0.7034988956952063
CUST00732,Eiravati Sachdev,cmitter@example.net,169302.72,0.9222932591435647
CUST00733,Max Guha,deepqasim@example.org,187169.49,0.6035242535450849
CUST00734,Vihaan Kata,atharvparmer@example.org,372937.31,0.932479202315281
CUST00735,Krish Thakkar,lprakash@example.com,196389.16,0.9346941228306729
CUST00736,Urvi Devan,reyanshkara@example.org,250620.6,0.9687011412555828
CUST00737,Alexander Madan,vkapadia@example.net,462533.68,0.7639350587722598
CUST00738,Samarth Bhatti,revasuri@example.net,401568.3,0.773288617020025
CUST00739,Tanvi Koshy,xravel@example.org,44068.87,0.8626449694673334
CUST00740,Dhriti Ramesh,vermaikbal@example.com,412058.93,0.8090549184969977
CUST00741,Brijesh Korpal,jbaral@example.com,163999.66,0.7845539908581939
CUST00742,Ranveer Manne,trao@example.com,332155.01,0.584429631762248
CUST00743,Ojas Sami,chatura82@example.com,303297.71,0.6817932181190236
CUST00744,Gautam Tella,golekrishna@example.com,346433.58,0.7332299113397096
CUST00745,Ekiya Seshadri,golasudiksha@example.net,25965.81,0.7011652030219566
CUST00746,Suhani Chana,ekiya21@example.org,179516.86,0.9241159852742487
CUST00747,Shivani Patil,viswanathanleena@example.net,140904.9,0.9792047570424111
CUST00748,Kritika Rai,gardegautami@example.net,474212.67,0.97141173005354
CUST00749,Nicholas Dhillon,charansaini@example.com,320568.71,0.5822677009449085
CUST00750,Sanaya Mani,jacobdeep@example.org,401542.51,0.7062237861799224
CUST00751,Zehaan Arora,ftank@example.net,476630.75,0.8421465613603166
CUST00752,Wakeeta Khanna,vamakshisetty@example.com,305748.59,0.6113951713958964
CUST00753,Fariq Ahuja,arunimajohal@example.org,22225.49,0.8859641469896906
CUST00754,Manbir Bhakta,balhaar20@example.net,390365.11,0.5789103461167068
CUST00755,Garima Chahal,chopraomaja@example.org,194512.93,0.7075212434360739
CUST00756,Bhavani Goel,cparsa@example.org,304521.94,0.7939151959413714
CUST00757,Ekantika Pillay,wbir@example.com,474667.65,0.8419966844727598
CUST00758,Brinda Sinha,jairajmaharaj@example.com,382726.81,0.709965752742394
CUST00759,Shaurya Kadakia,chopragagan@example.com,267082.64,0.7967863646835751
CUST00760,Prisha Nadig,irya29@example.net,326532.56,0.7211546397595535
CUST00761,Zinal Tank,ngole@example.org,61157.06,0.6573330108301612
CUST00762,Rishi Agarwal,bajwaudyati@example.net,252026.76,0.8663401895761539
CUST00763,Sarthak Sachdeva,vbath@example.com,283027.99,0.7164045734168834
CUST00764,Advay Jaggi,aachal14@example.com,133843.44,0.6625639709326232
CUST00765,Abeer Comar,harita69@example.net,498200.73,0.741897438334415
CUST00766,Parth Hari,hamsini77@example.org,458657.06,0.6727980574102079
CUST00767,Vasatika Dugal,vyadav@example.com,65705.52,0.7612160839593164
CUST00768,Daksh Verma,diya88@example.org,228761.13,0.9167153048652588
CUST00769,Garima Pandya,dixitavni@example.org,225330.04,0.936431983238079
CUST00770,Keya Warrior,lopagrover@example.net,342554.98,0.5877500186750344
CUST00771,Darika Murty,magarodika@example.org,163195.95,0.9135741241591208
CUST00772,Wazir Prabhu,nmittal@example.net,37144.84,0.6993928767375828
CUST00773,Parth Choudhury,baljiwan31@example.com,446209.18,0.7831336853269918
CUST00774,Vasudha Tella,ranveeroak@example.com,357345.51,0.9160856818238441
CUST00775,Falak Dhar,vartykevin@example.org,320661.51,0.9487495163909665
CUST00776,Tripti Ram,agrawaldeepa@example.org,256834.09,0.8912894450533512
CUST00777,Gauri Sibal,chauhandevika@example.org,104485.28,0.6021858556837365
CUST00778,Shaurya Nagi,reyanshmangat@example.com,396234.67,0.6097170549764973
CUST00779,Ridhi Dalal,manthan24@example.org,279240.61,0.5613021315275543
CUST00780,Yoshita Chaudry,inayanagar@example.com,402812.55,0.7086318011655249
CUST00781,Bhanumati Konda,ekavirmukhopadhyay@example.net,307914.44,0.7872081815883638
CUST00782,Sachi Bedi,ayushsinha@example.net,158098.91,0.5870726571103311
CUST00783,Hitesh Rajagopal,chadhapooja@example.com,360840.48,0.9798258688917864
CUST00784,Sanaya Parekh,gaurangi38@example.org,385736.45,0.776049131577029
CUST00785,Karan Chander,dchatterjee@example.com,41506.6,0.9040359417886079
CUST00786,Upma Kata,maanaskuruvilla@example.com,322957.6,0.9681232845509193
CUST00787,Qadim Narayanan,sudiksha70@example.org,341653.95,0.7434890331350883
CUST00788,Isaiah Panchal,kshenoy@example.com,439590.28,0.698141355702161
CUST00789,Joshua Trivedi,ravihredhaan@example.com,321698.0,0.8855130594004725
CUST00790,Chasmum Walia,lrattan@example.com,483300.98,0.6282441487174191
CUST00791,Yagnesh Dutt,erajagopalan@example.com,455802.57,0.7360258631872492
CUST00792,Raagini Saran,warinder21@example.net,66459.75,0.5738275255076442
CUST00793,Ishwar Sheth,gunbir72@example.com,86505.25,0.6157966507283863
CUST00794,Ekaraj Chopra,fnarang@example.net,356119.41,0.6887441229964589
CUST00795,Gautam Kalla,aadidin@example.net,470747.51,0.6987899254070055
CUST00796,Sneha Wali,madhavi99@example.com,423737.18,0.9348181442330835
CUST00797,Samesh Nadig,daksha65@example.org,319353.26,0.6577602828622596
CUST00798,Yashvi Raval,chaitalybhatia@example.com,66959.3,0.7868618086577501
CUST00799,Aadi Parmer,mandaazaan@example.org,269071.62,0.6802145806268167
CUST00800,Meera Nadkarni,yravi@example.com,88474.77,0.766106452238743
CUST00801,Oscar Soman,raghavrajagopalan@example.com,81326.16,0.9548910047834962
CUST00802,Mitesh Mani,krishapte@example.org,361713.22,0.8332551355550144
CUST00803,Maanas Sur,fdeshpande@example.org,422052.35,0.8102097303805978
CUST00804,Tamanna Sandal,suhaniupadhyay@example.com,413491.95,0.7923557548054572
CUST00805,Leena Pant,quincysamra@example.net,27503.59,0.5622005997965174
CUST00806,Wishi Khalsa,nirja89@example.com,290501.76,0.8258251055444749
CUST00807,Baljiwan Subramanian,isaiah97@example.net,384644.71,0.829985890318808
CUST00808,Lucky Vyas,udyati81@example.net,321300.64,0.7291323169751959
CUST00809,Yatan Sodhi,zachariadevika@example.net,315446.19,0.76415636585853
CUST00810,Hemal Warrior,singhsudiksha@example.net,478541.83,0.6745588124246905
CUST00811,Garima Sama,chaitaly42@example.org,403320.64,0.7576662718154303
CUST00812,Abha Bhat,kgara@example.org,152229.77,0.8445460617141409
CUST00813,Avi Mangat,ibutala@example.net,34656.95,0.5813784009672988
CUST00814,Arunima Krishnan,avnimaharaj@example.com,244704.31,0.7390303649657768
CUST00815,Isaac Ghosh,sanyapingle@example.org,305296.83,0.6377298958322615
CUST00816,Warinder Sundaram,bachittaroza@example.org,360589.63,0.6844104746761812
CUST00817,Mitesh Tandon,prajagopal@example.net,431084.8,0.8657058945659551
CUST00818,Oliver Kade,chatura41@example.org,69729.25,0.9694108750033985
CUST00819,Ucchal Rastogi,emitra@example.net,283017.35,0.7093322851616253
CUST00820,Ladli Ramakrishnan,jlala@example.net,235903.92,0.6872198311533576
CUST00821,Advik Mani,rraja@example.com,127719.85,0.6650128200152985
CUST00822,Gunbir Wali,rachana94@example.com,148654.94,0.5916290106010458
CUST00823,Amara Chaudhari,mahika73@example.net,309611.83,0.7151844284056906
CUST00824,Zinal Nazareth,dhritianne@example.net,433327.21,0.6567562205639103
CUST00825,Ekansh Arora,hchaudhari@example.org,167080.73,0.6186708547159693
CUST00826,Indali Kanda,zayan30@example.org,159793.89,0.7984054262942465
CUST00827,Dakshesh Kalla,dargabriel@example.net,251641.44,0.8781421913096104
CUST00828,Keya Goyal,gourzehaan@example.com,251886.06,0.7713316808695383
CUST00829,Faqid Setty,prisha54@example.org,16472.27,0.6826724072834046
CUST00830,Aradhana Bhatia,vrama@example.org,255195.01,0.9564501057497721
CUST00831,Alka Gokhale,fboase@example.org,111496.49,0.9656752511375644
CUST00832,Pranav Swamy,dhawanraagini@example.org,30017.5,0.7017448882082329
CUST00833,Riya Lad,banerjeeelijah@example.org,441758.04,0.7628045075158258
CUST00834,Sanaya Bahl,pdixit@example.net,237940.49,0.8313318158625354
CUST00835,Baljiwan Ramakrishnan,max56@example.net,424350.32,0.7807770221942386
CUST00836,Yutika Swaminathan,zsarin@example.net,441815.59,0.7352989408194425
CUST00837,Upkaar Aggarwal,hsubramaniam@example.net,383109.1,0.8628284672445385
CUST00838,Gauri Mitter,obhakta@example.net,203287.9,0.7073530615825521
CUST00839,Jasmit Warrior,faris74@example.net,101354.37,0.7952211068688426
CUST00840,Patrick Baral,thalder@example.net,41398.22,0.7878858584470952
CUST00841,Hredhaan Parmer,ochad@example.com,383380.04,0.766829877522978
CUST00842,Logan Banik,aryankhare@example.com,494599.9,0.6702798913783123
CUST00843,Dev Zachariah,xalak87@example.org,63811.45,0.8425714152511101
CUST00844,Harinakshi Bhalla,brijesh61@example.org,199982.34,0.9692856106279271
CUST00845,Manthan Kaul,bansallohit@example.com,172847.22,0.8918058082038067
CUST00846,Urishilla Bath,kalpitatwal@example.org,378707.76,0.9537478837908114
CUST00847,Damyanti Chatterjee,lgarde@example.org,257015.65,0.6355948890675536
CUST00848,Ishaan Tank,devjain@example.com,27425.16,0.7650334985353768
CUST00849,Neelima Nair,devanekanta@example.org,169855.15,0.6089256406340338
CUST00850,Oscar Nayak,daraanusha@example.org,231209.34,0.7537099846699318
CUST00851,Om Pingle,revakohli@example.net,260175.34,0.8106920246336358
CUST00852,Kiaan Chaudhry,bdugar@example.com,308468.72,0.6910253144837063
CUST00853,Abeer Amble,gauravmander@example.com,495354.79,0.619875879727084
CUST00854,Jonathan Jhaveri,anikavirk@example.com,153121.0,0.8679073250466498
CUST00855,William Ghosh,golexalak@example.net,415003.25,0.6946405844252217
CUST00856,Charvi Pall,jagrawal@example.org,355826.2,0.7789061268466269
CUST00857,Jacob Wagle,pathakyashica@example.org,408795.67,0.6789099428370879
CUST00858,Sathvik Malhotra,hariisaiah@example.org,338534.16,0.708393858242281
CUST00859,Widisha Goda,calebbhagat@example.net,293932.56,0.9713561534070396
CUST00860,Bhavani Kadakia,vkrishnamurthy@example.net,364035.49,0.8926045699899632
CUST00861,Caleb Chawla,yogipatrick@example.org,18190.34,0.8458587700171918
CUST00862,Vedhika Varma,bobalwahab@example.net,483699.99,0.7540737920565761
CUST00863,Eshana Saini,eshanakarpe@example.org,389200.2,0.8866487163155112
CUST00864,Vedant Chaudhari,nitaraiyengar@example.com,362093.06,0.7983827902215986
CUST00865,Ethan Sinha,bbhagat@example.org,89403.47,0.8009150091304852
CUST00866,Suhani Gokhale,iprakash@example.com,311769.22,0.8204808536925063
CUST00867,Jagrati Madan,gautamidatta@example.org,78148.98,0.9117018637320536
CUST00868,Avni Deshpande,shrofftara@example.com,20627.4,0.8427125648717919
CUST00869,Hemal Kannan,naksh92@example.net,59398.28,0.9577282234372495
CUST00870,Gabriel Sabharwal,lkalita@example.com,160277.78,0.5581430680278434
CUST00871,Arya Atwal,pkoshy@example.com,346797.63,0.6151154409913185
CUST00872,Tristan Dixit,sahnichaitanya@example.org,388611.29,0.7264622860087632
CUST00873,Yamini Bandi,zwali@example.com,437044.77,0.9458240084558005
CUST00874,Sneha Tandon,fiyazarora@example.net,35829.24,0.866410026645533
CUST00875,Tejas Deo,chakrika31@example.org,107634.14,0.6093754688876404
CUST00876,Dalaja Edwin,dbajwa@example.com,332802.27,0.6897712998032036
CUST00877,Nidra Goyal,ucchal01@example.com,160307.54,0.7759551751020153
CUST00878,Bachittar Minhas,smadan@example.net,456501.46,0.624468442258651
CUST00879,Faris Nayak,varmajanuja@example.org,180372.06,0.6972006176031939
CUST00880,Leela Pau,xbaria@example.com,361857.66,0.8819556071839585
CUST00881,Ekalinga Jayaraman,gaurikakhare@example.net,348190.09,0.8266229129997684
CUST00882,Vanya Kadakia,ekanipandit@example.com,100170.76,0.8123329294338631
CUST00883,Aradhana Bhagat,pradhanhemani@example.com,281252.89,0.6560032282767649
CUST00884,Yachana Vyas,singhalbrinda@example.com,486590.76,0.6466928263369112
CUST00885,Dominic Guha,fchahal@example.com,148057.05,0.6779742630690704
CUST00886,Bhavya Bose,galaanya@example.org,353969.19,0.6391294517874954
CUST00887,Watika Dora,arinmemon@example.com,177657.57,0.6863275203579327
CUST00888,Urvi Palan,vsawhney@example.net,398725.65,0.9514911611514443
CUST00889,Bishakha Gulati,bainsvincent@example.net,65327.68,0.6675867408048319
CUST00890,Nisha Oza,vedika98@example.net,192948.62,0.8409475656864946
CUST00891,Tanvi Modi,daminigarg@example.com,410096.84,0.9714690310481857
CUST00892,Veda Prabhu,champak25@example.com,403284.84,0.9604818112583284
CUST00893,Ojas Dyal,qabil22@example.org,147377.02,0.6748946403569623
CUST00894,Jackson Barman,jonathan74@example.com,176449.94,0.85708075362431
CUST00895,Samesh Banerjee,hemangini25@example.com,131939.77,0.7402217281018793
CUST00896,Charvi Dara,ravelxalak@example.org,105023.66,0.7560040830970878
CUST00897,Ekaja Dugal,tripathigarima@example.net,466846.85,0.7815885071947207
CUST00898,Urvi Mann,riyanigam@example.net,72950.11,0.8493536592781337
CUST00899,Varenya Baria,jacksonmorar@example.org,295481.1,0.8147411247982317
CUST00900,Thomas Sehgal,george50@example.net,336567.81,0.6542569565164233
CUST00901,Tristan Mall,arinchacko@example.net,320782.56,0.7783478405851036
CUST00902,Gagan Vala,fhayer@example.com,209584.18,0.5725711759409691
CUST00903,Jalsa Rao,prishapingle@example.com,54769.73,0.8584639641876047
CUST00904,Advik Mane,indali47@example.net,7564.82,0.88142940498226
CUST00905,Tanveer Sawhney,ssavant@example.org,464904.34,0.7866516032852352
CUST00906,Oeshi Dewan,dhawansarthak@example.com,467840.89,0.7249702041651599
CUST00907,Gautami Bhatti,achakrabarti@example.com,241337.02,0.9277118372511182
CUST00908,Oeshi Gill,mdevan@example.org,482137.45,0.6357660691070688
CUST00909,Bimala Swaminathan,mittaldaksha@example.com,324719.47,0.6881021119112417
CUST00910,Udarsh Bala,dubeadweta@example.com,49283.06,0.9404128922563176
CUST00911,Jeet Mani,fgola@example.net,269900.38,0.7968773418654105
CUST00912,Ayush Dar,waida19@example.net,468651.34,0.860940601644242
CUST00913,Vasana Sarin,vamakshi15@example.net,91657.06,0.9426887820380365
CUST00914,Aashi Gaba,dhingraekaja@example.com,92015.41,0.9293653384608782
CUST00915,Ishanvi Gade,mahajanjalsa@example.com,498600.04,0.9454429690959016
CUST00916,Chanakya Mann,faraj83@example.net,250215.03,0.7207076669396688
CUST00917,Girindra Ganesh,diya44@example.net,481255.03,0.9527417602544379
CUST00918,Gopal Warrior,maanas02@example.net,438987.87,0.9481970700954705
CUST00919,Kashish Sundaram,koak@example.org,286141.12,0.553984882446443
CUST00920,Mohammed Thakur,raghavvora@example.net,491581.97,0.5961392970326214
CUST00921,Omisha Sharma,dadakaran@example.org,494604.24,0.67236151051052
CUST00922,Ijaya Muni,liam79@example.net,249486.65,0.7836192079294992
CUST00923,Orinder Modi,danitristan@example.org,426274.57,0.9535810157485751
CUST00924,Utkarsh Mohanty,shauryade@example.org,100441.64,0.7512489306727048
CUST00925,Isaac Brahmbhatt,suleraagini@example.org,85434.66,0.5984381072386664
CUST00926,Hritik Bali,singhjagat@example.com,132346.12,0.7473332225439153
CUST00927,Dominic Mitra,charjatin@example.net,369625.86,0.6300655997250691
CUST00928,Ryan Goyal,ayush12@example.net,286051.71,0.89003009570286
CUST00929,Ijaya Pandey,xitikhurana@example.net,91869.98,0.8756315826107512
CUST00930,Hardik Atwal,rehaanmanda@example.org,449036.17,0.9181429968375868
CUST00931,Hardik Kala,speri@example.net,260063.93,0.9056056248688131
CUST00932,Ria Chhabra,isharaghavan@example.com,336281.65,0.5872972410347931
CUST00933,Yoshita Kari,wchowdhury@example.com,74602.88,0.6294559164503563
CUST00934,Unnati Choudhary,warhipatel@example.net,127783.31,0.6891487181365856
CUST00935,Banjeet Butala,wakeeta16@example.com,121583.02,0.6621376691381409
CUST00936,Devika Sawhney,nikitamannan@example.com,477247.24,0.8741153602660265
CUST00937,Ekaraj Soni,praneel07@example.net,362826.85,0.6798367110673944
CUST00938,Meghana Sarma,darluke@example.com,328573.27,0.5549173657034923
CUST00939,Harsh Ganguly,patlarushil@example.com,35751.54,0.8478904938817777
CUST00940,Netra Das,paninitata@example.com,156869.14,0.6008366845557083
CUST00941,Mugdha Parekh,fravel@example.net,253747.63,0.7243291435764109
CUST00942,Manan Sha,daszashil@example.com,353260.73,0.9349008990209893
CUST00943,Vihaan Desai,chaudharychatresh@example.org,63120.79,0.683720517805404
CUST00944,Avi Gola,jnarain@example.com,151043.61,0.9439360659157732
CUST00945,Faraj Venkatesh,mshukla@example.com,113468.66,0.8142889427018551
CUST00946,Vritti Thaman,hemal88@example.org,80826.85,0.6074345763446258
CUST00947,Qushi Dani,usengupta@example.com,304840.78,0.8715259799748682
CUST00948,Tripti Banik,goelchavvi@example.net,276871.08,0.7288136146354266
CUST00949,Vyanjana Sankar,devikaramachandran@example.com,271071.26,0.752456073058104
CUST00950,Vritti Zacharia,jsoni@example.org,113113.75,0.8355606089160554
CUST00951,Mahika Lall,npurohit@example.net,378596.08,0.6564101346026885
CUST00952,Bhavani Nagi,balachakradev@example.org,45525.8,0.9254480751497254
CUST00953,Ikshita Bala,lajita16@example.com,353364.23,0.7421016303234879
CUST00954,Nisha Panchal,kondayug@example.org,284263.52,0.5835841705233993
CUST00955,Frado Bhatti,ishwar52@example.org,276086.38,0.5765559604493741
CUST00956,Baljiwan Sharma,avarma@example.com,288487.33,0.7673594341198162
CUST00957,Upasna Bains,krishna96@example.com,167418.23,0.6144365239944382
CUST00958,Vrinda Chaudhry,gayathritaneja@example.net,62538.81,0.7737468627094585
CUST00959,Ojas Mistry,rajata37@example.net,293658.1,0.6383226387819255
CUST00960,Tanish Mani,champak49@example.com,257635.8,0.5891049071142258
CUST00961,George Chandran,anjali19@example.net,229448.99,0.8977375957662119
CUST00962,Prisha Kadakia,faraj48@example.com,231115.25,0.7706965725767059
CUST00963,Dhriti Iyengar,qratti@example.net,233877.26,0.5748268158009857
CUST00964,Pranit Bahl,xalakkala@example.net,363023.64,0.8969736015983888
CUST00965,Amrita Walia,hbhasin@example.org,409144.35,0.7202579452799007
CUST00966,Turvi Divan,matthewmital@example.com,291264.08,0.8706959276176807
CUST00967,Eiravati Bhatt,nitaraloke@example.com,175541.79,0.5694746151729664
CUST00968,Aahana Keer,hkhare@example.org,497091.21,0.5774167622081958
CUST00969,Ayaan Korpal,ucchal78@example.com,39164.48,0.9518706035205269
CUST00970,Balhaar Jaggi,anjalideshpande@example.org,20708.76,0.9515234919115202
CUST00971,Arunima Goda,sunderanmol@example.org,385641.17,0.7258127824022768
CUST00972,Dipta Misra,rayjanuja@example.net,489274.98,0.879305903657196
CUST00973,Mekhala Dey,isaactella@example.org,213079.16,0.8277287517817803
CUST00974,Watika Chana,jasonmunshi@example.com,194327.41,0.9769283373897779
CUST00975,Warinder Sampath,maanaschhabra@example.org,453849.82,0.9239367226836046
CUST00976,Anvi Sarraf,lkumar@example.org,342951.53,0.7115275795348547
CUST00977,Kavya Chowdhury,pallavi73@example.com,271953.63,0.8345707913939513
CUST00978,Janani Soman,darika09@example.org,177146.09,0.8310196623200419
CUST00979,Wriddhish Kulkarni,omore@example.net,270942.95,0.626743660471768
CUST00980,Jairaj Warrior,saanvirama@example.org,365289.78,0.777402292003924
CUST00981,Aadhya Mitra,keerchameli@example.org,6719.28,0.6457567928654946
CUST00982,Reva Nadig,rbandi@example.org,152689.68,0.5597761907484456
CUST00983,Urishilla Sachar,pahal12@example.net,274500.44,0.8396049388439238
CUST00984,Yashawini Bhatti,osha98@example.net,412563.42,0.7787314516536062
CUST00985,Sudiksha Bala,goursachi@example.net,176349.07,0.6564301765566235
CUST00986,Aarush Rattan,dalajamurthy@example.net,469018.13,0.6685293829519048
CUST00987,Indrajit Dugar,zaitrade@example.net,60858.1,0.8617602967408349
CUST00988,Ekaja Seth,qdeol@example.org,212524.1,0.8980756189218536
CUST00989,Baghyawati Issac,sachdevajhalak@example.org,442459.53,0.8794029910309784
CUST00990,Krishna Kapur,bajajveer@example.org,107010.4,0.5567276924363264
CUST00991,Rushil Lala,chandranrattan@example.net,21620.26,0.593385586629778
CUST00992,Abha Dixit,pillaionkar@example.net,353126.7,0.8070475055945676
CUST00993,Akshay Vora,rsetty@example.com,371567.83,0.5709308181348122
CUST00994,Udarsh Jani,amairamani@example.net,120997.94,0.7229741008486897
CUST00995,Lavanya De,mjhaveri@example.org,432546.47,0.643425760376348
CUST00996,Ranbir Sahota,nilimadhingra@example.org,254428.45,0.5742709350605183
CUST00997,Adweta Keer,xkothari@example.net,408814.2,0.6743832840821852
CUST00998,Frederick Anne,udeol@example.net,162857.33,0.8645525177398878
CUST00999,Simon Rajagopal,ekunda@example.org,337903.29,0.8071045999392228
CUST01000,Charles Natarajan,urishillapandya@example.net,154373.4,0.6878859996189828
